2025-04-01 17:00:36.748629,842948c5-f994-41ed-b3b6-0c4acb75693d,customer_are_the_best
2025-04-01 17:00:46.760491,9ccd2edb-aaad-4a64-a00b-729257bc02e8,customer_are_the_best
2025-04-01 17:00:56.766397,406a1abd-60d8-424d-8b35-e4ce0f4fde24,customer_are_the_best
2025-04-01 17:01:06.770880,fad0c4ab-f68e-4b46-b527-248091fa0e6d,customer_are_the_best
2025-04-01 17:01:16.775947,119045fc-3caa-4dbf-8c68-fb758b0b366d,customer_are_the_best
2025-04-01 17:01:26.781653,b1a3bf06-74eb-4cc7-a211-874edc5f52da,customer_are_the_best
2025-04-01 17:01:36.786172,fee89798-4fb0-4f9e-96ed-487c3e6ccade,customer_are_the_best
2025-04-01 17:01:46.791702,0364e96e-76b8-4c04-a130-e337d4692758,customer_are_the_best
2025-04-01 17:01:56.797282,9c30464c-78ee-480a-aeaa-4f6fc0be917a,customer_are_the_best
2025-04-01 17:02:06.801085,9027e5a6-b81e-45cb-adde-2145363fbde4,customer_are_the_best
2025-04-01 17:02:16.805764,b5fd5dc2-9c7a-4b17-ab4f-088eb38d657e,customer_are_the_best
2025-04-01 17:02:26.810243,ced7a427-3604-4f1b-8fe9-0a8ea43d111e,customer_are_the_best
2025-04-01 17:02:36.813125,fab33b26-f058-4525-b3cf-b6a7f11d610b,customer_are_the_best
2025-04-01 17:02:46.819037,9e3b19b9-f634-4103-b102-d72cbbbc377e,customer_are_the_best
2025-04-01 17:02:56.822510,23a59ac6-ad1e-4285-84c6-3963e796ed60,customer_are_the_best
2025-04-01 17:03:06.824836,b26f01a6-d889-456b-a534-4c16f1e94dc2,customer_are_the_best
2025-04-01 17:03:16.830252,90023298-1144-43aa-8f3d-b5c57d6c8a41,customer_are_the_best
2025-04-01 17:03:26.834761,21850c9f-3ca2-4909-9523-cb6db5cfd017,customer_are_the_best
2025-04-01 17:03:36.838440,58b2b891-8a9b-4476-9b92-ce805c4d69e9,customer_are_the_best
2025-04-01 17:03:46.844703,ac2fb9e4-047d-479f-b0ff-9e4991f49d8f,customer_are_the_best
2025-04-01 17:03:56.849689,f591c95a-bf11-4112-8e44-e6f3be150bc9,customer_are_the_best
2025-04-01 17:04:06.852628,18bf3c78-ec54-4a55-9564-2c314f151492,customer_are_the_best
2025-04-01 17:04:16.854430,02d3772c-a829-47d9-b730-63d3d9a14ed7,customer_are_the_best
2025-04-01 17:04:26.855714,9842f303-0d72-4d77-9446-250b2a31cbe3,customer_are_the_best
2025-04-01 17:04:36.858267,c29b24f6-cdce-459c-af59-d619c771e80b,customer_are_the_best
2025-04-01 17:04:46.860864,0dd03c43-ba0d-4a56-a21d-cbaaca25ec06,customer_are_the_best
2025-04-01 17:04:56.866084,757f8616-1d0b-4e68-93b8-d649d9be55ed,customer_are_the_best
2025-04-01 17:05:06.870828,2a771b7f-01ae-4ea5-a297-7700a281ddc2,customer_are_the_best
2025-04-01 17:12:23.886361,3d83c27b-222f-4bdd-97b0-bfbea6527805,customer_are_the_best
2025-04-01 17:12:33.892944,9688abdc-a1f1-4e7a-bcc7-ebbf155d5aa9,customer_are_the_best
2025-04-01 17:12:43.896119,5c819c77-7bdc-46d0-8a9e-4243a66d3628,customer_are_the_best
2025-04-01 17:12:53.903509,71582ea2-b469-48b6-a692-dc9e7ee69ba9,customer_are_the_best
2025-04-01 17:12:55.945399,f02556a7-b214-4a6f-b52e-ecc83dc64155,Stefanie Bentley
2025-04-01 17:13:05.950854,7d84869a-a1fd-4c7f-93e3-70a803af58dd,Steven Ortiz
2025-04-01 17:13:15.955727,09cb4425-a56b-4cc5-92ff-a3ca4a348d39,Lauren Le
2025-04-01 17:13:25.960539,de4ad6aa-3c17-4f13-9bf1-f4a4bea75224,Hannah Torres
2025-04-01 17:13:35.964200,e96b1250-f832-4428-9e84-abac74f0b6c4,Matthew Melendez
2025-04-01 17:13:45.969836,07b89bcd-91ca-4258-8f8f-0dcaf15cb0c3,Deborah Martinez
2025-04-01 17:13:55.971080,b22b4d4c-b85d-4a41-bee6-90d2874b7173,Lisa Bauer
2025-04-01 17:14:05.974619,3176dc74-7cfd-4b16-85d8-7600ec3f7ab0,Anthony Ortega
2025-04-01 17:14:15.978514,d639a7a5-eb92-41db-91c1-5f3d9ffc2415,Kathleen Roach
2025-04-01 17:14:25.983872,30356677-275b-48b0-8d3b-92b15fccad6e,Michael Collins
2025-04-01 17:14:35.989317,f277d950-506b-49b9-988e-c3e66a95b4e0,Michael Garza
2025-04-01 17:14:45.996345,3be525b3-4d28-4c1c-aadb-d5f526af0576,Rebecca Gordon
2025-04-01 17:14:56.002746,cab90f33-0c69-4632-8cb1-18c37de98f72,David Harris
2025-04-01 17:15:06.005942,6d50b86e-d9b8-44e2-8de3-9f91b6b6b38f,Richard Porter
2025-04-01 17:15:16.010821,ed2fee59-3c58-4fa6-8d21-2e6eda792893,Justin Wilson
2025-04-01 17:15:26.017576,e5f267ff-6230-403e-a6c7-6850f058a0d6,Jeffrey Olson
2025-04-01 17:15:36.022278,81cd9d05-9f34-4e97-993c-fff95c76fa62,Jacob Gutierrez
2025-04-01 17:15:46.024902,c23f96e1-d85a-4ea7-9559-0e4446362bd6,Anne Baker
2025-04-01 17:15:56.031110,9f030b9b-4c6c-4b20-bd14-e89dfe635dd9,Troy Adams
2025-04-01 17:16:06.037957,49eb543f-7e89-45b5-8640-31194e9cbf85,Maureen Lee
2025-04-01 17:16:16.040913,781097f0-25a5-4033-ab79-c735e5b96d42,Misty Santiago
2025-04-01 17:16:26.044614,2fb42885-c423-4e02-a2e5-e4c713a2f186,Jane Petersen
2025-04-01 17:16:36.052595,6cab21e3-179b-46ad-a60a-22d4c48d9d86,Drew Lloyd
2025-04-01 17:16:46.076101,6c1de6df-d4d9-4048-8f79-f22aa8c84c69,Tammy Green
2025-04-01 17:16:56.089610,810fb49b-6692-4652-a19e-07b4aa547597,Emily Boyd
2025-04-01 17:17:06.101341,f7bd485b-11e6-45fc-97be-5df846fc38c2,Jennifer Phillips
2025-04-01 17:17:16.111172,babc85bf-c5fc-49ec-9c21-fca13d62c88a,Lauren Coleman
2025-04-01 17:17:26.117524,ae1530f0-9f8e-4495-8e4c-aba01272b6cb,Jonathan Barker
2025-04-01 17:17:36.124446,a45ee25c-1c27-4bff-94ec-62d182c4612a,Jason Washington
2025-04-01 17:17:55.856729,8bce367e-e9d6-4e0e-b1fe-689ec49a0405,David Schneider
2025-04-01 17:18:05.861342,60c8a329-0d1e-4f06-b7d9-ad0f83a7cc55,Rebecca Reyes
2025-04-01 17:18:15.867154,96500c62-0c75-4abb-9884-0a18ad310e8c,Amanda Wiley
2025-04-01 17:18:25.873712,57b9e49d-7ef1-4e3a-8fdf-5041ba356124,Heather Fleming
2025-04-01 17:18:35.881457,ba3e8030-2f9c-4558-ac00-97de9183b9cc,Jeffrey Harvey
2025-04-01 17:18:45.889909,57af1aad-7720-49f9-94aa-9fd309fe611a,Nancy Velasquez
2025-04-01 17:18:55.896042,0004d4a7-a159-486f-b3dc-f211f976ea83,Lori Moore
2025-04-01 17:19:05.907287,0050b4d5-d5b2-4107-addf-2de4b6ce7275,Samantha Friedman
2025-04-01 17:19:15.910138,c30e44e0-fa1b-40e2-b1ef-792829367dc5,Kimberly Huffman
2025-04-01 17:19:25.918469,34f859b2-28fb-4df6-b6b0-0953b37d38a4,Dominic Sloan
2025-04-01 17:19:35.921465,491df6cb-a847-4f1f-8b0d-33ce6ad28e02,Phillip Kelly
2025-04-01 17:19:45.924436,7534bc93-c830-482c-9a65-319cc8021533,Melanie Ortega
2025-04-01 17:19:55.931645,5ec73b25-5b72-4608-bbf7-15c7bd1a691a,James Ortiz
2025-04-01 17:20:05.934090,4e8b2598-6281-4cf8-af32-fb8c8d1c8e73,Robert Wall
2025-04-01 17:20:15.937200,338595a6-4e0f-4c7c-a849-55fc4bce40f6,David Mays
2025-04-01 17:20:25.942261,d22d898c-95cf-4596-aae2-358a1d3673ba,Carla Smith
2025-04-01 17:20:35.946307,2b8a56f8-f46b-4f09-9c48-216999fa67b4,Lisa Mendez
2025-04-01 17:20:45.949248,da944364-45c8-45dd-8d50-e7ea82d62e78,Kimberly Mcclure
2025-04-01 17:20:55.955399,4a88f255-8a96-4c2f-a205-981499beee17,Gary Chavez
2025-04-01 17:21:05.961606,422317fa-f2a4-4e8d-9fcb-30c91f358fe6,Michelle Harper
2025-04-01 17:21:15.963896,e4b61281-9681-464d-96aa-3c9f36f3b303,Erik Dyer
2025-04-01 17:21:25.968555,4e2bccc6-cd09-4d95-9eea-12b7694739a1,Richard Mcfarland
2025-04-01 17:21:35.975071,63c61fe0-2c0a-4e33-a22b-6b3c7dbeca9b,Sara Hicks
2025-04-01 17:21:45.982047,2dee4186-ef8f-4922-8f88-1c562cac3a44,Kayla Anderson
2025-04-01 17:21:55.987163,500f3870-f6e0-4dc8-98db-84f092a14b09,Melanie Snyder
2025-04-01 17:22:05.989308,ca8b3a82-d541-461b-8595-55230110db4f,Ashley Frost
2025-04-01 17:22:15.997609,c58b4d03-4c01-4661-8537-48f6de3fe8c4,Victor Dominguez
2025-04-01 17:22:26.004991,76826b6a-35bc-44ab-9900-5ed7dd27b1f9,Tiffany Williams
2025-04-01 17:22:36.011977,b9743234-1b57-4321-891a-0f58721f1cbd,Jennifer Frey
2025-04-01 17:22:46.015295,4fef026f-fce7-4e47-b45a-5e6eeaa312ad,Sarah Brewer
2025-04-01 17:22:56.021302,42c48c8c-506b-440c-a4b4-38d955920246,Spencer Serrano
2025-04-01 17:23:06.023653,ce17461c-0c9d-4355-98d5-b4c469cfd8d7,Jillian Torres
2025-04-01 17:23:16.030390,1ea9122d-f144-4f17-95fe-6fc6f3951350,Monica Coleman
2025-04-01 17:23:26.036456,c46040ce-dabd-4b4c-9671-18c03c0fc0c7,Matthew Medina
2025-04-01 17:23:36.039966,c0a134b3-acc0-42a8-8680-8edb04094e4a,Alyssa Smith
2025-04-01 17:23:46.046595,39cef756-367c-46d0-8d53-a3c27b2dbfb4,Jessica Reynolds
2025-04-01 17:23:56.053012,20118655-a55f-45c2-874b-ecf9483c4bf0,Nicole Lee
